act_id,source,target
A00001,AG0062,AG0629
A00002,AG0103,AG0075
A00003,AG0017,AG0626
A00004,AG0105,AG0077
A00005,AG0014,AG0077
A00006,AG0106,AG0107
A00007,AG0020,AG0107
A00008,AG0009,AG0110
A00009,AG0014,AG0112
A00010,AG0113,AG0001
A00011,AG0103,AG0112
A00012,AG0115,AG0112
A00013,AG0116,AG0112
A00014,AG0014,AG0112
A00015,AG0113,AG0001
A00016,AG0057,AG0001
A00017,AG0114,AG0626
A00018,AG0029,AG0001
A00019,AG0114,AG0626
A00020,AG0114,AG0001
A00021,AG0103,AG0626
A00022,AG0118,AG0091
A00023,AG0118,AG0091
A00024,AG0117,AG0091
A00025,AG0103,AG0091
A00026,AG0017,AG0091
A00027,AG0119,AG0091
A00028,AG0010,AG0077
A00029,AG0017,AG0077
A00030,AG0002,AG0081
A00031,AG0021,AG0081
A00032,AG0022,AG0081
A00033,AG0002,AG0083
A00034,AG0003,AG0090
A00035,AG0116,AG0090
A00036,AG0103,AG0626
A00037,AG0020,AG0627
A00038,AG0121,AG0088
A00039,AG0626,AG0080
A00040,AG0122,AG0626
A00041,AG0123,AG0626
A00042,AG0003,AG0626
A00043,AG0029,AG0626
A00044,AG0125,AG0093
A00045,AG0040,AG0126
A00046,AG0009,AG0009
A00047,AG0118,AG0009
A00048,AG0018,AG0009
A00049,AG0118,AG0009
A00050,AG0118,AG0009
A00051,AG0118,AG0009
A00052,AG0119,AG0009
A00053,AG0119,AG0009
A00054,AG0014,AG0097
A00055,AG0118,AG0118
A00056,AG0118,AG0118
A00057,AG0128,AG0102
A00059,AG0103,AG0131
A00060,AG0133,AG0132
A00061,AG0029,AG0132
A00062,AG0134,AG0132
A00063,AG0003,AG0132
A00064,AG0057,AG0135
A00065,AG0003,AG0136
A00066,AG0067,AG0136
A00067,AG0003,AG0136
A00068,AG0067,AG0136
A00069,AG0003,AG0136
A00070,AG0067,AG0136
A00071,AG0117,AG0136
A00072,AG0106,AG0137
A00073,AG0117,AG0117
A00074,AG0020,AG0139
A00075,AG0114,AG0154
A00076,AG0031,AG0153
A00077,AG0029,AG0138
A00078,AG0115,AG0626
A00079,AG0626,AG0126
A00080,AG0011,AG0164
A00081,AG0005,AG0165
A00082,AG0003,AG0164
A00083,AG0061,AG0157
A00084,AG0061,AG0157
A00085,AG0073,AG0166
A00086,AG0073,AG0626
A00087,AG0020,AG0107
A00088,AG0124,AG0086
A00089,AG0124,AG0092
A00090,AG0104,AG0009
A00091,AG0104,AG0112
A00092,AG0104,AG0111
A00093,AG0103,AG0131
A00094,AG0104,AG0077
A00095,AG0130,AG0129
A00096,AG0156,AG0155
A00097,AG0130,AG0138
A00098,AG0104,AG0164
A00099,AG0105,AG0152
A00147,AG0009,AG0441
A00148,AG0003,AG0443
A00149,AG0114,AG0444
A00150,AG0114,AG0444
A00151,AG0626,AG0444
A00152,AG0626,AG0445
A00153,AG0009,AG0444
A00154,AG0195,AG0445
A00155,AG0626,AG0168
A00156,AG0197,AG0626
A00157,AG0197,AG0626
A00158,AG0197,AG0626
A00159,AG0197,AG0626
A00160,AG0197,AG0626
A00161,AG0197,AG0626
A00162,AG0197,AG0626
A00163,AG0197,AG0626
A00164,AG0197,AG0112
A00165,AG0197,AG0626
A00166,AG0197,AG0626
A00167,AG0197,AG0204
A00168,AG0197,AG0204
A00169,AG0197,AG0204
A00170,AG0205,AG0204
A00171,AG0206,AG0204
A00173,AG0031,AG0208
A00174,AG0029,AG0209
A00175,AG0105,AG0209
A00176,AG0061,AG0211
A00177,AG0213,AG0626
A00178,AG0029,AG0212
A00179,AG0626,AG0212
A00180,AG0626,AG0212
A00181,AG0037,AG0212
A00182,AG0003,AG0212
A00183,AG0010,AG0070
A00184,AG0626,AG0216
A00185,AG0124,AG0217
A00186,AG0012,AG0012
A00187,AG0003,AG0218
A00188,AG0003,AG0100
A00189,AG0103,AG0626
A00190,AG0044,AG0219
A00191,AG0029,AG0626
A00192,AG0073,AG0166
A00193,AG0073,AG0626
A00194,AG0073,AG0222
A00195,AG0073,AG0224
A00196,AG0073,AG0225
A00197,AG0124,AG0226
A00198,AG0156,AG0226
A00199,AG0156,AG0227
A00200,AG0124,AG0227
A00201,AG0103,AG0227
A00202,AG0019,AG0019
A00203,AG0009,AG0019
A00204,AG0009,AG0019
A00205,AG0228,AG0019
A00206,AG0228,AG0019
A00207,AG0024,AG0019
A00208,AG0024,AG0019
A00209,AG0626,AG0229
A00210,AG0105,AG0230
A00211,AG0051,AG0230
A00212,AG0124,AG0231
A00213,AG0156,AG0231
A00214,AG0128,AG0231
A00215,AG0103,AG0231
A00216,AG0626,AG0232
A00217,AG0195,AG0232
A00218,AG0118,AG0232
A00219,AG0106,AG0233
A00220,AG0103,AG0234
A00221,AG0626,AG0235
A00222,AG0103,AG0626
A00223,AG0037,AG0237
A00224,AG0106,AG0237
A00225,AG0010,AG0070
A00226,AG0128,AG0626
A00227,AG0106,AG0626
A00228,AG0124,AG0111
A00229,AG0011,AG0111
A00230,AG0011,AG0164
A00231,AG0010,AG0111
A00232,AG0010,AG0164
A00233,AG0128,AG0111
A00234,AG0020,AG0240
A00235,AG0124,AG0155
A00236,AG0156,AG0155
A00237,AG0242,AG0241
A00238,AG0242,AG0243
A00239,AG0124,AG0155
A00240,AG0020,AG0246
A00241,AG0626,AG0247
A00242,AG0249,AG0248
A00243,AG0250,AG0626
A00244,AG0253,AG0251
A00245,AG0114,AG0254
A00246,AG0257,AG0256
A00247,AG0257,AG0256
A00248,AG0257,AG0626
A00249,AG0259,AG0256
A00250,AG0259,AG0256
A00251,AG0259,AG0626
A00252,AG0257,AG0001
A00253,AG0260,AG0132
A00254,AG0260,AG0261
A00255,AG0260,AG0262
A00256,AG0257,AG0263
A00257,AG0257,AG0264
A00258,AG0265,AG0626
A00259,AG0267,AG0266
A00260,AG0258,AG0257
A00261,AG0258,AG0629
A00262,AG0257,AG0629
A00263,AG0257,AG0270
A00264,AG0257,AG0626
A00265,AG0258,AG0626
A00266,AG0267,AG0626
A00267,AG0257,AG0274
A00268,AG0258,AG0273
A00269,AG0268,AG0272
A00270,AG0268,AG0266
A00271,AG0257,AG0271
A00272,AG0114,AG0275
A00273,AG0011,AG0289
A00274,AG0029,AG0209
A00275,AG0103,AG0210
A00276,AG0029,AG0626
A00277,AG0114,AG0626
A00278,AG0114,AG0278
A00279,AG0114,AG0279
A00280,AG0626,AG0212
A00281,AG0029,AG0212
A00282,AG0003,AG0212
A00283,AG0037,AG0212
A00284,AG0626,AG0212
A00285,AG0114,AG0212
A00286,AG0114,AG0212
A00287,AG0213,AG0280
A00288,AG0003,AG0636
A00289,AG0003,AG0295
A00290,AG0117,AG0626
A00291,AG0626,AG0232
A00292,AG0282,AG0283
A00293,AG0282,AG0626
A00294,AG0284,AG0626
A00295,AG0284,AG0626
A00296,AG0284,AG0626
A00297,AG0284,AG0626
A00298,AG0282,AG0626
A00299,AG0282,AG0132
A00300,AG0282,AG0288
A00301,AG0282,AG0289
A00302,AG0290,AG0288
A00303,AG0290,AG0289
A00304,AG0284,AG0090
A00305,AG0291,AG0230
A00306,AG0291,AG0157
A00307,AG0291,AG0292
A00308,AG0291,AG0293
A00309,AG0291,AG0636
A00310,AG0291,AG0636
A00311,AG0291,AG0291
A00312,AG0291,AG0294
A00313,AG0291,AG0157
A00314,AG0291,AG0150
A00315,AG0626,AG0295
A00316,AG0291,AG0295
A00317,AG0291,AG0626
A00318,AG0291,AG0626
A00319,AG0291,AG0626
A00320,AG0291,AG0626
A00321,AG0291,AG0629
A00322,AG0291,AG0626
A00323,AG0291,AG0626
A00324,AG0296,AG0626
A00325,AG0291,AG0207
A00326,AG0291,AG0297
A00327,AG0291,AG0626
A00328,AG0298,AG0297
A00329,AG0298,AG0626
A00330,AG0626,AG0299
A00331,AG0291,AG0299
A00332,AG0626,AG0299
A00333,AG0291,AG0299
A00334,AG0291,AG0300
A00335,AG0626,AG0300
A00336,AG0307,AG0626
A01347,AG0307,AG0626
A00337,AG0291,AG0626
A00338,AG0291,AG0626
A00339,AG0291,AG0626
A00340,AG0291,AG0626
A00341,AG0291,AG0626
A00342,AG0291,AG0626
A00343,AG0291,AG0626
A00344,AG0291,AG0626
A00345,AG0291,AG0626
A00346,AG0291,AG0626
A00347,AG0291,AG0626
A00348,AG0291,AG0626
A00349,AG0291,AG0626
A00350,AG0291,AG0626
A00351,AG0291,AG0626
A00352,AG0291,AG0626
A00353,AG0307,AG0626
A00354,AG0307,AG0626
A00355,AG0307,AG0626
A00356,AG0307,AG0626
A00357,AG0307,AG0626
A00358,AG0307,AG0626
A00359,AG0307,AG0626
A00360,AG0307,AG0626
A00361,AG0307,AG0626
A00362,AG0307,AG0626
A00363,AG0307,AG0626
A00364,AG0307,AG0626
A00365,AG0307,AG0626
A00366,AG0307,AG0626
A00367,AG0307,AG0626
A01348,AG0307,AG0626
A01349,AG0307,AG0626
A01350,AG0307,AG0626
A01351,AG0307,AG0626
A01352,AG0307,AG0626
A01353,AG0307,AG0626
A01354,AG0307,AG0626
A01355,AG0307,AG0626
A01356,AG0307,AG0626
A01357,AG0307,AG0626
A01358,AG0307,AG0626
A01359,AG0307,AG0626
A01360,AG0307,AG0626
A01361,AG0307,AG0626
A01362,AG0307,AG0626
A00368,AG0103,AG0308
A00369,AG0106,AG0626
A00370,AG0009,AG0285
A00371,AG0105,AG0285
A00372,AG0105,AG0285
A00373,AG0029,AG0285
A00374,AG0125,AG0285
A00375,AG0003,AG0285
A00376,AG0125,AG0285
A00377,AG0143,AG0626
A00378,AG0103,AG0626
A00379,AG0192,AG0626
A00380,AG0310,AG0309
A00381,AG0124,AG0309
A00382,AG0020,AG0311
A00383,AG0124,AG0312
A00384,AG0124,AG0312
A00385,AG0104,AG0312
A00386,AG0156,AG0312
A00387,AG0029,AG0626
A00388,AG0143,AG0626
A00389,AG0192,AG0626
A00390,AG0103,AG0626
A00391,AG0103,AG0626
A00392,AG0103,AG0313
A00393,AG0124,AG0314
A00394,AG0192,AG0165
A00395,AG0192,AG0626
A00396,AG0029,AG0626
A00397,AG0143,AG0626
A00398,AG0032,AG0317
A00399,AG0032,AG0317
A00400,AG0032,AG0317
A00401,AG0033,AG0318
A00402,AG0034,AG0318
A00403,AG0117,AG0319
A01363,AG0117,AG0319
A00404,AG0118,AG0319
A00405,AG0151,AG0319
A00406,AG0151,AG0319
A00407,AG0122,AG0626
A00408,AG0011,AG0626
A00409,AG0118,AG0626
A00410,AG0626,AG0322
A00411,AG0105,AG0207
A00412,AG0114,AG0207
A00413,AG0324,AG0207
A00414,AG0124,AG0323
A00415,AG0626,AG0626
A00416,AG0017,AG0626
A00417,AG0018,AG0626
A00418,AG0626,AG0626
A00419,AG0017,AG0626
A00420,AG0018,AG0626
A00421,AG0626,AG0626
A00422,AG0626,AG0626
A00423,AG0020,AG0626
A00424,AG0018,AG0626
A00425,AG0124,AG0329
A00426,AG0104,AG0329
A00427,AG0003,AG0329
A00428,AG0626,AG0330
A00429,AG0031,AG0331
A00430,AG0116,AG0334
A00431,AG0214,AG0334
A00432,AG0335,AG0334
A00433,AG0029,AG0336
A00434,AG0118,AG0626
A00435,AG0117,AG0626
A00436,AG0105,AG0342
A00437,AG0020,AG0342
A01364,AG0020,AG0342
A00438,AG0626,AG0342
A00439,AG0214,AG0342
A00440,AG0626,AG0334
A00441,AG0029,AG0342
A00442,AG0116,AG0342
A00443,AG0343,AG0342
A00444,AG0343,AG0342
A00445,AG0046,AG0344
A00446,AG0043,AG0344
A00447,AG0046,AG0344
A00448,AG0043,AG0344
A00449,AG0010,AG0345
A00450,AG0029,AG0346
A00451,AG0103,AG0383
A00452,AG0103,AG0384
A00453,AG0156,AG0385
A00454,AG0009,AG0385
A00455,AG0118,AG0385
A00456,AG0103,AG0385
A00457,AG0124,AG0385
A00458,AG0117,AG0388
A00459,AG0124,AG0386
A00460,AG0156,AG0386
A00461,AG0106,AG0387
A00462,AG0103,AG0626
A00463,AG0029,AG0626
A00464,AG0116,AG0391
A00465,AG0252,AG0626
A00466,AG0029,AG0626
A00467,AG0103,AG0301
A00468,AG0029,AG0626
A00469,AG0117,AG0256
A00470,AG0239,AG0394
A00471,AG0117,AG0395
A00472,AG0103,AG0262
A00473,AG0134,AG0262
A00474,AG0396,AG0262
A00475,AG0009,AG0262
A01365,AG0009,AG0262
A00476,AG0052,AG0262
A00477,AG0045,AG0262
A00478,AG0103,AG0626
A00479,AG0156,AG0398
A00480,AG0399,AG0398
A00481,AG0020,AG0398
A00482,AG0104,AG0398
A00483,AG0103,AG0398
A00484,AG0118,AG0398
A00485,AG0310,AG0398
A00486,AG0124,AG0398
A00487,AG0123,AG0626
A00488,AG0020,AG0401
A00489,AG0042,AG0401
A00490,AG0114,AG0262
A00491,AG0116,AG0402
A00492,AG0053,AG0403
A00493,AG0188,AG0403
A00494,AG0103,AG0403
A00495,AG0029,AG0403
A00496,AG0038,AG0404
A00497,AG0055,AG0405
A00498,AG0124,AG0406
A00499,AG0156,AG0406
A00500,AG0011,AG0407
A00501,AG0103,AG0441
A00502,AG0009,AG0441
A00503,AG0626,AG0626
A00504,AG0018,AG0626
A00505,AG0003,AG0443
A00506,AG0626,AG0444
A00507,AG0061,AG0444
A00508,AG0115,AG0444
A00509,AG0626,AG0444
A00510,AG0122,AG0626
A00511,AG0196,AG0168
A00512,AG0116,AG0168
A00513,AG0116,AG0626
A00514,AG0033,AG0420
A00515,AG0003,AG0299
A01366,AG0003,AG0299
A00516,AG0033,AG0421
A00517,AG0011,AG0626
A00518,AG0032,AG0423
A00519,AG0054,AG0054
A00520,AG0031,AG0424
A00521,AG0032,AG0424
A00522,AG0054,AG0054
A00523,AG0054,AG0054
A00524,AG0054,AG0054
A00525,AG0045,AG0425
A00526,AG0106,AG0237
A00527,AG0103,AG0237
A00528,AG0626,AG0237
A00601,AG0116,AG0347
A00602,AG0033,AG0286
A00603,AG0041,AG0626
A00604,AG0018,AG0626
A00605,AG0626,AG0491
A00606,AG0103,AG0286
A00607,AG0103,AG0286
A00608,AG0125,AG0626
A00609,AG0626,AG0626
A00610,AG0117,AG0351
A00611,AG0117,AG0626
A00612,AG0118,AG0352
A00613,AG0115,AG0352
A00614,AG0115,AG0353
A00615,AG0114,AG0626
A00616,AG0106,AG0354
A00617,AG0118,AG0626
A00618,AG0359,AG0358
A00619,AG0118,AG0358
A00620,AG0118,AG0358
A00621,AG0116,AG0360
A00622,AG0103,AG0626
A00623,AG0626,AG0626
A00624,AG0134,AG0363
A00625,AG0033,AG0364
A00626,AG0103,AG0626
A00627,AG0103,AG0366
A00628,AG0123,AG0204
A00629,AG0116,AG0204
A00630,AG0020,AG0204
A00631,AG0033,AG0245
A00632,AG0114,AG0245
A00633,AG0103,AG0245
A00634,AG0103,AG0245
A00635,AG0114,AG0626
A00636,AG0369,AG0368
A00637,AG0048,AG0158
A00638,AG0020,AG0158
A00639,AG0118,AG0158
A00640,AG0061,AG0158
A00641,AG0249,AG0248
A00642,AG0249,AG0626
A00643,AG0029,AG0626
A00644,AG0118,AG0626
A00645,AG0143,AG0626
A00646,AG0187,AG0059
A00647,AG0114,AG0371
A00648,AG0032,AG0370
A00649,AG0031,AG0370
A00650,AG0106,AG0626
A00651,AG0124,AG0292
A00652,AG0114,AG0626
A00653,AG0197,AG0203
A00654,AG0124,AG0203
A00655,AG0156,AG0203
A00656,AG0103,AG0203
A00657,AG0057,AG0406
A00658,AG0310,AG0410
A00659,AG0118,AG0169
A00670,AG0103,AG0169
A00671,AG0029,AG0626
A00672,AG0031,AG0412
A00673,AG0105,AG0264
A00674,AG0020,AG0264
A00675,AG0214,AG0264
A00676,AG0103,AG0264
A00677,AG0029,AG0626
A00678,AG0130,AG0264
A00679,AG0124,AG0413
A00680,AG0020,AG0413
A00681,AG0045,AG0414
A00682,AG0626,AG0491
A00683,AG0123,AG0626
A00684,AG0122,AG0626
A00685,AG0020,AG0416
A00686,AG0115,AG0417
A00687,AG0343,AG0626
A00690,AG0282,AG0626
A00691,AG0282,AG0626
A00692,AG0298,AG0626
A00693,AG0626,AG0299
A00694,AG0103,AG0626
A00695,AG0103,AG0294
A00701,AG0626,AG0372
A00702,AG0374,AG0170
A00703,AG0020,AG0170
A00704,AG0020,AG0001
A00705,AG0114,AG0001
A00706,AG0114,AG0001
A00707,AG0114,AG0001
A00708,AG0052,AG0272
A00709,AG0134,AG0272
A00710,AG0626,AG0375
A00711,AG0037,AG0375
A00712,AG0036,AG0375
A00713,AG0063,AG0375
A00714,AG0018,AG0626
A00715,AG0114,AG0224
A00716,AG0033,AG0224
A00717,AG0033,AG0224
A00718,AG0029,AG0377
A00719,AG0626,AG0377
A00720,AG0104,AG0377
A00721,AG0114,AG0626
A00722,AG0020,AG0382
A00723,AG0149,AG0382
A00724,AG0149,AG0382
A00725,AG0032,AG0428
A00726,AG0031,AG0428
A00727,AG0037,AG0429
A00728,AG0004,AG0626
A00729,AG0114,AG0150
A00730,AG0045,AG0150
A00731,AG0114,AG0150
A00732,AG0430,AG0150
A00733,AG0134,AG0150
A00734,AG0215,AG0150
A00735,AG0063,AG0150
A00736,AG0063,AG0150
A00737,AG0431,AG0150
A00738,AG0063,AG0150
A00739,AG0626,AG0150
A00740,AG0431,AG0150
A00741,AG0626,AG0157
A00742,AG0242,AG0157
A00743,AG0433,AG0157
A00744,AG0121,AG0157
A00745,AG0115,AG0157
A00746,AG0054,AG0157
A00747,AG0020,AG0157
A00748,AG0020,AG0157
A00749,AG0124,AG0434
A00750,AG0103,AG0626
A00751,AG0103,AG0626
A00752,AG0106,AG0427
A00753,AG0053,AG0626
A00754,AG0047,AG0626
A00755,AG0114,AG0626
A00756,AG0029,AG0626
A00757,AG0143,AG0626
A00758,AG0106,AG0626
A00759,AG0130,AG0439
A00760,AG0020,AG0440
A00761,AG0114,AG0626
A00762,AG0103,AG0626
A00763,AG0002,AG0447
A00764,AG0125,AG0093
A00765,AG0009,AG0626
A00766,AG0033,AG0448
A00767,AG0002,AG0449
A00768,AG0029,AG0001
A00769,AG0103,AG0626
A00770,AG0014,AG0077
A00800,AG0506,AG0626
A00801,AG0506,AG0266
A00802,AG0506,AG0266
A00803,AG0626,AG0626
A00804,AG0506,AG0203
A00805,AG0506,AG0626
A00806,AG0506,AG0626
A00810,AG0252,AG0626
A00811,AG0103,AG0626
A00812,AG0197,AG0626
A00813,AG0020,AG0626
A00814,AG0020,AG0626
A00815,AG0020,AG0626
A00816,AG0020,AG0626
A00817,AG0020,AG0626
A00818,AG0020,AG0626
A00819,AG0020,AG0626
A00820,AG0020,AG0626
A00821,AG0114,AG0626
A00822,AG0114,AG0626
A00823,AG0114,AG0626
A00824,AG0114,AG0626
A00825,AG0114,AG0626
A00826,AG0253,AG0626
A00827,AG0626,AG0626
A00828,AG0626,AG0626
A00829,AG0117,AG0626
A00830,AG0103,AG0626
A00831,AG0197,AG0626
A00832,AG0116,AG0626
A00833,AG0029,AG0626
A00834,AG0143,AG0626
A00835,AG0029,AG0626
A00836,AG0116,AG0626
A00837,AG0117,AG0626
A00838,AG0118,AG0626
A00839,AG0103,AG0626
A00840,AG0252,AG0461
A00841,AG0116,AG0626
A00842,AG0010,AG0238
A00843,AG0118,AG0238
A00844,AG0143,AG0626
A00845,AG0029,AG0626
A00846,AG0035,AG0626
A00847,AG0035,AG0626
A00848,AG0118,AG0626
A00849,AG0117,AG0626
A00850,AG0626,AG0626
A00851,AG0051,AG0466
A00852,AG0145,AG0466
A00853,AG0116,AG0626
A00854,AG0118,AG0467
A00855,AG0468,AG0295
A00856,AG0103,AG0295
A00857,AG0117,AG0626
A00858,AG0252,AG0470
A00859,AG0041,AG0626
A00860,AG0018,AG0626
A00861,AG0106,AG0286
A00862,AG0192,AG0348
A00863,AG0626,AG0348
A00864,AG0125,AG0626
A00865,AG0103,AG0626
A00866,AG0117,AG0626
A00867,AG0011,AG0626
A00868,AG0252,AG0626
A00870,AG0123,AG0626
A00871,AG0029,AG0626
A00872,AG0029,AG0626
A00873,AG0029,AG0626
A00874,AG0103,AG0626
A00875,AG0011,AG0626
A00876,AG0122,AG0626
A00877,AG0197,AG0626
A00878,AG0191,AG0495
A00879,AG0033,AG0494
A00880,AG0116,AG0493
A00881,AG0192,AG0626
A00882,AG0626,AG0491
A00883,AG0103,AG0490
A00884,AG0324,AG0489
A00885,AG0134,AG0488
A00886,AG0431,AG0487
A00887,AG0114,AG0626
A00888,AG0103,AG0626
A00889,AG0103,AG0626
A00890,AG0134,AG0483
A00891,AG0134,AG0483
A00892,AG0041,AG0484
A00893,AG0134,AG0482
A00894,AG0123,AG0626
A00895,AG0117,AG0626
A00896,AG0118,AG0626
A00897,AG0103,AG0626
A00898,AG0252,AG0251
A00899,AG0118,AG0481
A00900,AG0103,AG0626
A00901,AG0105,AG0626
A00902,AG0014,AG0626
A00903,AG0017,AG0626
A00904,AG0020,AG0626
A00905,AG0020,AG0626
A00906,AG0020,AG0626
A00907,AG0123,AG0626
A00908,AG0020,AG0626
A00909,AG0020,AG0626
A00910,AG0020,AG0626
A00911,AG0020,AG0626
A00912,AG0020,AG0626
A00913,AG0020,AG0626
A00914,AG0020,AG0108
A00915,AG0020,AG0626
A00916,AG0029,AG0626
A00917,AG0029,AG0626
A00918,AG0029,AG0507
A00919,AG0032,AG0508
A00920,AG0031,AG0508
A00921,AG0032,AG0626
A00922,AG0031,AG0509
A00923,AG0032,AG0509
A00924,AG0047,AG0167
A00925,AG0047,AG0626
A00926,AG0047,AG0162
A00927,AG0047,AG0626
A00928,AG0051,AG0637
A00929,AG0051,AG0626
A00930,AG0055,AG0626
A00931,AG0055,AG0626
A00932,AG0056,AG0626
A00933,AG0239,AG0626
A00934,AG0114,AG0510
A00935,AG0114,AG0638
A00936,AG0114,AG0639
A00937,AG0114,AG0626
A00938,AG0114,AG0262
A00939,AG0114,AG0511
A00940,AG0114,AG0513
A00941,AG0343,AG0513
A00942,AG0114,AG0626
A00943,AG0114,AG0640
A00944,AG0516,AG0515
A00945,AG0125,AG0136
A00946,AG0517,AG0289
A00947,AG0003,AG0626
A00948,AG0003,AG0626
A00949,AG0003,AG0626
A00950,AG0003,AG0626
A00951,AG0003,AG0626
A00952,AG0518,AG0642
A00953,AG0518,AG0644
A00954,AG0518,AG0645
A00955,AG0518,AG0646
A00956,AG0518,AG0648
A00957,AG0324,AG0648
A00958,AG0518,AG0638
A00959,AG0519,AG0626
A00960,AG0519,AG0626
A00961,AG0195,AG0520
A00962,AG0195,AG0521
A00963,AG0195,AG0522
A00964,AG0195,AG0523
A00965,AG0253,AG0626
A00966,AG0253,AG0525
A00967,AG0253,AG0626
A00968,AG0253,AG0626
A00969,AG0253,AG0626
A00970,AG0253,AG0626
A00971,AG0253,AG0626
A00972,AG0252,AG0526
A00973,AG0252,AG0527
A00974,AG0252,AG0528
A00975,AG0252,AG0529
A00976,AG0252,AG0530
A00977,AG0252,AG0531
A00978,AG0252,AG0532
A00979,AG0252,AG0533
A00980,AG0252,AG0534
A00981,AG0252,AG0532
A00982,AG0252,AG0535
A00983,AG0191,AG0626
A00984,AG0122,AG0536
A00985,AG0115,AG0626
A00986,AG0117,AG0626
A00987,AG0117,AG0626
A00988,AG0117,AG0626
A00989,AG0117,AG0626
A00990,AG0117,AG0626
A00991,AG0117,AG0351
A00992,AG0117,AG0626
A00993,AG0118,AG0626
A00994,AG0117,AG0626
A00995,AG0117,AG0626
A00996,AG0117,AG0626
A00997,AG0121,AG0626
A00998,AG0121,AG0538
A00999,AG0324,AG0539
A01000,AG0124,AG0496
A01001,AG0252,AG0001
A01002,AG0114,AG0497
A01003,AG0011,AG0626
A01004,AG0117,AG0626
A01005,AG0252,AG0626
A01006,AG0156,AG0437
A01007,AG0123,AG0626
A01008,AG0197,AG0157
A01009,AG0252,AG0432
A01010,AG0118,AG0626
A01011,AG0114,AG0626
A01012,AG0103,AG0626
A01013,AG0114,AG0150
A01014,AG0195,AG0150
A01015,AG0018,AG0150
A01016,AG0103,AG0626
A01017,AG0003,AG0503
A01018,AG0003,AG0150
A01019,AG0003,AG0150
A01020,AG0106,AG0150
A01022,AG0017,AG0626
A01023,AG0103,AG0626
A01024,AG0252,AG0626
A01025,AG0035,AG0224
A01026,AG0113,AG0224
A01027,AG0011,AG0224
A01028,AG0043,AG0505
A01029,AG0122,AG0626
A01030,AG0117,AG0626
A01031,AG0123,AG0626
A01032,AG0122,AG0626
A01033,AG0103,AG0626
A01034,AG0118,AG0626
A01035,AG0114,AG0626
A01036,AG0124,AG0441
A01037,AG0156,AG0441
A01038,AG0104,AG0441
A01039,AG0252,AG0441
A01040,AG0114,AG0626
A01041,AG0114,AG0626
A01042,AG0125,AG0626
A01043,AG0003,AG0443
A01044,AG0018,AG0443
A01045,AG0114,AG0443
A01046,AG0003,AG0443
A01047,AG0061,AG0444
A01048,AG0626,AG0444
A01049,AG0104,AG0238
A01050,AG0607,AG0238
A01051,AG0037,AG0608
A01052,AG0626,AG0608
A01053,AG0020,AG0609
A01054,AG0105,AG0442
A01055,AG0156,AG0204
A01056,AG0124,AG0244
A01057,AG0103,AG0244
A01058,AG0103,AG0244
A01059,AG0124,AG0244
A01060,AG0035,AG0610
A01061,AG0117,AG0626
A01062,AG0124,AG0204
A01063,AG0506,AG0162
A01064,AG0506,AG0162
A01065,AG0506,AG0231
A01066,AG0506,AG0626
A01067,AG0506,AG0626
A01068,AG0506,AG0613
A01069,AG0614,AG0615
A01070,AG0116,AG0616
A01071,AG0106,AG0626
A01072,AG0106,AG0626
A01073,AG0134,AG0618
A01074,AG0029,AG0619
A01075,AG0029,AG0619
A01076,AG0143,AG0619
A01077,AG0020,AG0620
A01078,AG0020,AG0620
A01079,AG0020,AG0620
A01080,AG0020,AG0620
A01081,AG0003,AG0333
A01082,AG0011,AG0592
A01083,AG0118,AG0626
A01084,AG0103,AG0626
A01100,AG0324,AG0626
A01101,AG0324,AG0540
A01102,AG0324,AG0543
A01103,AG0324,AG0542
A01104,AG0324,AG0544
A01105,AG0118,AG0544
A01106,AG0116,AG0544
A01107,AG0103,AG0544
A01108,AG0324,AG0626
A01109,AG0324,AG0626
A01110,AG0103,AG0626
A01111,AG0324,AG0626
A01112,AG0324,AG0626
A01113,AG0324,AG0626
A01114,AG0103,AG0626
A01115,AG0103,AG0649
A01116,AG0103,AG0626
A01117,AG0103,AG0545
A01118,AG0116,AG0546
A01119,AG0116,AG0548
A01120,AG0116,AG0626
A01121,AG0116,AG0626
A01122,AG0116,AG0650
A01123,AG0116,AG0009
A01124,AG0103,AG0166
A01125,AG0103,AG0550
A01126,AG0103,AG0157
A01127,AG0103,AG0626
A01128,AG0103,AG0626
A01129,AG0114,AG0641
A01130,AG0123,AG0626
A01131,AG0123,AG0651
A01132,AG0123,AG0652
A01133,AG0123,AG0551
A01134,AG0123,AG0626
A01135,AG0123,AG0626
A01136,AG0431,AG0553
A01137,AG0431,AG0626
A01138,AG0431,AG0554
A01139,AG0431,AG0431
A01140,AG0431,AG0653
A01141,AG0431,AG0626
A01142,AG0063,AG0626
A01143,AG0003,AG0626
A01144,AG0003,AG0555
A01145,AG0003,AG0556
A01146,AG0003,AG0557
A01147,AG0003,AG0556
A01148,AG0003,AG0558
A01149,AG0003,AG0559
A01150,AG0003,AG0560
A01151,AG0003,AG0561
A01152,AG0003,AG0626
A01153,AG0067,AG0626
A01154,AG0067,AG0555
A01155,AG0067,AG0556
A01156,AG0067,AG0557
A01157,AG0067,AG0556
A01158,AG0067,AG0558
A01159,AG0067,AG0559
A01160,AG0067,AG0560
A01161,AG0067,AG0561
A01162,AG0003,AG0626
A01163,AG0003,AG0626
A01164,AG0003,AG0626
A01165,AG0003,AG0626
A01166,AG0073,AG0626
A01167,AG0106,AG0626
A01168,AG0117,AG0562
A01169,AG0324,AG0563
A01170,AG0431,AG0564
A01171,AG0116,AG0565
A01172,AG0029,AG0626
A01173,AG0045,AG0567
A01174,AG0116,AG0567
A01175,AG0052,AG0266
A01176,AG0134,AG0266
A01177,AG0029,AG0569
A01178,AG0045,AG0570
A01179,AG0035,AG0626
A01180,AG0035,AG0573
A01181,AG0036,AG0573
A01182,AG0011,AG0574
A01183,AG0103,AG0575
A01184,AG0103,AG0576
A01185,AG0239,AG0577
A01186,AG0253,AG0578
A01187,AG0115,AG0115
A01188,AG0117,AG0579
A01189,AG0117,AG0579
A01190,AG0116,AG0580
A01191,AG0116,AG0626
A01192,AG0506,AG0626
A01193,AG0506,AG0626
A01194,AG0506,AG0626
A01195,AG0134,AG0134
A01196,AG0134,AG0585
A01197,AG0134,AG0586
A01198,AG0431,AG0586
A01199,AG0115,AG0060
A01200,AG0614,AG0231
A01201,AG0614,AG0605
A01202,AG0614,AG0112
A01300,AG0103,AG0626
A01301,AG0011,AG0443
A01302,AG0106,AG0626
A01303,AG0106,AG0626
A01304,AG0032,AG0590
A01305,AG0195,AG0591
A01306,AG0115,AG0591
A01307,AG0011,AG0592
A01308,AG0012,AG0012
A01309,AG0012,AG0012
A01310,AG0012,AG0012
A01311,AG0012,AG0012
A01312,AG0018,AG0012
A01313,AG0123,AG0582
A01314,AG0118,AG0583
A01315,AG0018,AG0018
A01316,AG0116,AG0592
A01317,AG0011,AG0593
A01318,AG0134,AG0594
A01319,AG0239,AG0595
A01320,AG0239,AG0595
A01321,AG0039,AG0596
A01322,AG0117,AG0597
A01323,AG0114,AG0225
A01324,AG0117,AG0598
A01325,AG0116,AG0598
A01326,AG0103,AG0599
A01327,AG0118,AG0600
A01328,AG0106,AG0626
A01329,AG0114,AG0626
A01330,AG0048,AG0603
A01331,AG0029,AG0603
A01332,AG0029,AG0603
A01333,AG0038,AG0604
A01334,AG0053,AG0604
A01335,AG0051,AG0626
A01336,AG0033,AG0626
A01337,AG0021,AG0080
A01338,AG0197,AG0626
A01339,AG0011,AG0030
A01340,AG0626,AG0281
A01341,AG0003,AG0281
A01342,AG0117,AG0626
A01343,AG0124,AG0654
A01344,AG0103,AG0626
A01345,AG0003,AG0150
A01346,AG0003,AG0150
A01380,AG0114,AG0626
